Pen Name,Release Date,Year,Handle,Image
Lime After Lime,2025-12-25,2025,lime-after-lime,assets/pens/photo-unavailable.jpg
Bewitched,2025-11-28,2025,bewitched-crystal-pen,assets/pens/bewitched-crystal-pen.jpg
Butterfly Effect,2025-11-28,2025,butterfly-effect,assets/pens/butterfly-effect.jpg
Santa Fe,2025-11-28,2025,santa-fe-crystal-pen,assets/pens/santa-fe-crystal-pen.png
Black Tie Affair,2025-11-27,2025,black-tie-affair,assets/pens/black-tie-affair.jpg
Mint Condition,2025-07-17,2025,mojito,assets/pens/mojito.jpg
Stars and Stripes,2025-05-28,2025,stars-and-stripes-crystal-pen-patriotic-red-white-blue,assets/pens/stars-and-stripes-crystal-pen-patriotic-red-white-blue.jpg
Vine and Dandy,2025-05-14,2025,once-upon-a-vine-wisteria-crystal-pen,assets/pens/once-upon-a-vine-wisteria-crystal-pen.jpg
Once Upon a Vine,2025-05-08,2025,once-upon-a-vine,assets/pens/once-upon-a-vine.jpg
Honey Bunny,2025-03-21,2025,honey-bunny-pink-crystal-pen,assets/pens/honey-bunny-pink-crystal-pen.jpg
Blue Me Away,2025-03-05,2025,crystal-pen-blue-floral-porcelain-design,assets/pens/crystal-pen-blue-floral-porcelain-design.jpg
Florally Obliged,2025-03-05,2025,crystal-pen-soft-pink-flowers-florally-obliged,assets/pens/crystal-pen-soft-pink-flowers-florally-obliged.jpg
Thorn to Be Wild,2025-03-05,2025,crystal-pen-red-roses-gold-thorn-to-be-wild,assets/pens/crystal-pen-red-roses-gold-thorn-to-be-wild.jpg
Clover Achiever,2025-02-19,2025,clover-achiever-st-patricks-day-pen,assets/pens/clover-achiever-st-patricks-day-pen.jpg
Lucky Streak,2025-02-19,2025,lucky-streak-st-patricks-day-green-crystal-pen,assets/pens/lucky-streak-st-patricks-day-green-crystal-pen.jpg
Melanin Magic,2025-02-04,2025,melanin-magic-crystal-pen-black-history-month,assets/pens/melanin-magic-crystal-pen-black-history-month.jpg
All the Feels,2025-01-24,2025,all-the-feels-1,assets/pens/all-the-feels-1.jpg
Crush,2025-01-24,2025,crush-1,assets/pens/crush-1.jpg
Heartbeat,2025-01-24,2025,heartbeat-1,assets/pens/heartbeat-1.jpg
Ice Storm,2025-01-10,2025,ice-storm,assets/pens/ice-storm.jpg
Wintery Mix,2025-01-10,2025,wintery-mix,assets/pens/wintery-mix.jpg
Sweater Weather,2024-11-11,2024,sweater-weather-pearl-pen-gift-set,assets/pens/frosty-fellow-pen-blue-penguin-sweater-pearls-crystal-pen-2.jpg
Cherries and Cream,2024-10-31,2024,cherries-and-cream-crystal-pen-red-pink-swirled,assets/pens/cherries-and-cream-crystal-pen-red-pink-swirled.jpg
Fright Night,2024-10-16,2024,fright-night-halloween-crystal-pen-black-purple-green-orange,assets/pens/fright-night-halloween-crystal-pen-black-purple-green-orange.jpg
Second Date Set,2024-10-08,2024,second-date,assets/pens/second-date.jpg
Apple of My Eye,2024-09-26,2024,apple-of-my-eye-red-and-yellow-crystal-pen,assets/pens/apple-of-my-eye-red-and-yellow-crystal-pen.jpg
Cinnamon Sky,2024-09-19,2024,cinnamon-sky-autumn-brown-and-blue-crystal-pen,assets/pens/cinnamon-sky-autumn-brown-and-blue-crystal-pen.jpg
Espresso Yourself,2024-09-17,2024,espresso-yourself-crystal-pen,assets/pens/espresso-yourself-crystal-pen.jpg
Mocha Motion,2024-09-17,2024,mocha-motion-crystal-pen,assets/pens/mocha-motion-crystal-pen.jpg
Mug Shot,2024-09-17,2024,mug-shot-house-blend-coffee-art-crystal-pen,assets/pens/mug-shot-house-blend-coffee-art-crystal-pen.jpg
Berry Nice,2024-09-12,2024,berry-nice-crystal-pen-sparkling-blue-pink-red,assets/pens/berry-nice-crystal-pen-sparkling-blue-pink-red.jpg
Vanilla Chai,2024-09-03,2024,vanilla-chai-cream-and-brown-neutral-crystal-pen,assets/pens/vanilla-chai-cream-and-brown-neutral-crystal-pen.jpg
Seasons Change,2024-08-29,2024,seasons-change-green-crystal-pen,assets/pens/seasons-change-green-crystal-pen.jpg
First Light,2024-08-16,2024,first-light-crystal-pen-dawn-colors,assets/pens/first-light-crystal-pen-dawn-colors.jpg
Sunsetter,2024-08-13,2024,sunsetter-crystal-pen-sunset-colors,assets/pens/sunsetter-crystal-pen-sunset-colors.jpg
Chill Factor,2024-08-08,2024,chill-factor-silver-blue-ombre-crystal-pen,assets/pens/chill-factor-silver-blue-ombre-crystal-pen.jpg
Fox Trot,2024-08-08,2024,fox-trot,assets/pens/fox-trot.jpg
Heat Wave,2024-08-08,2024,heat-wave-rose-gold-amethyst-crystal-pen,assets/pens/heat-wave-rose-gold-amethyst-crystal-pen.jpg
Toile Me About It,2024-08-08,2024,toile-me-about-it,assets/pens/toile-me-about-it.jpg
Victorian Secret,2024-08-08,2024,victorian-secret,assets/pens/victorian-secret.jpg
Pink Lemonade,2024-08-01,2024,pink-lemonade-crystal-pen-glossy-pink-ombre-crystals,assets/pens/pink-lemonade-crystal-pen-glossy-pink-ombre-crystals.jpg
Pitcher Perfect,2024-08-01,2024,pitcher-perfect-crystal-pen-yellow-pink-ombre-crystals,assets/pens/pitcher-perfect-crystal-pen-yellow-pink-ombre-crystals.jpg
San Giorgio Maggiore,2024-07-30,2024,st-georges,assets/pens/st-georges.jpg
Water Lily Pond,2024-07-30,2024,pond,assets/pens/pond.jpg
Woman with a Parasol,2024-07-30,2024,woman-with-parasol,assets/pens/woman-with-parasol.jpg
Fairy Godmother,2024-07-18,2024,fairy-godmother-pastel-pink-mauve-crystal-pen,assets/pens/fairy-godmother-pastel-pink-mauve-crystal-pen.jpg
Reign Check,2024-07-18,2024,reign-check-pastel-blue-crystal-pen,assets/pens/reign-check-pastel-blue-crystal-pen.jpg
Sprinkled Pink,2024-07-11,2024,sprinkled-pink-glazed-donut-crystal-pen,assets/pens/sprinkled-pink-glazed-donut-crystal-pen.jpg
Dart and Dazzle,2024-07-05,2024,dart-and-dazzle,assets/pens/dart-and-dazzle.jpg
Flight of Fancy,2024-07-05,2024,flight-of-fancy,assets/pens/flight-of-fancy.jpg
Twilight,2024-07-05,2024,twilight-crystal-pen-teal-purple-dragonfly-vibes,assets/pens/twilight-crystal-pen-teal-purple-dragonfly-vibes.jpg
All American,2024-06-27,2024,all-american-crystal-pen-red-white-blue,assets/pens/all-american-crystal-pen-red-white-blue.jpg
Cherry Pie,2024-06-21,2024,cherry-pie-dark-red-crystal-pen,assets/pens/cherry-pie-dark-red-crystal-pen.jpg
Strawberry Shortcake,2024-06-21,2024,strawberry-shortcake-pink-and-red-crystal-pen,assets/pens/strawberry-shortcake-pink-and-red-crystal-pen.jpg
Cosmic Coffin,2024-06-18,2024,cosmic-coffin-pen-purple-coffin-bats-moon-ali-cat-designs,assets/pens/cosmic-coffin-pen-purple-coffin-bats-moon-ali-cat-designs.jpg
Feline Familiar,2024-06-18,2024,feline-familiar-pen-black-cat-witch-ali-cat-designs,assets/pens/feline-familiar-pen-black-cat-witch-ali-cat-designs.jpg
Frosty Fellow,2024-06-18,2024,frosty-fellow-pen-blue-penguin-sweater-pearls-crystal-pen,assets/pens/frosty-fellow-pen-blue-penguin-sweater-pearls-crystal-pen.jpg
Pumpkin Poltergeist,2024-06-18,2024,pumpkin-poltergeist-pen-ghost-jack-o-lantern-ali-cat-designs,assets/pens/pumpkin-poltergeist-pen-ghost-jack-o-lantern-ali-cat-designs.jpg
Reindeer Games,2024-06-18,2024,reindeer-games-pen-green-christmas-sweater-pearls-crystal-pen,assets/pens/reindeer-games-pen-green-christmas-sweater-pearls-crystal-pen.jpg
Snow Place Like Home,2024-06-18,2024,snow-place-like-home-pen-red-christmas-sweater-pearls-crystal-pen,assets/pens/snow-place-like-home-pen-red-christmas-sweater-pearls-crystal-pen.jpg
Moonstruck,2024-06-06,2024,moonstruck-gold-blue-crystal-pen,assets/pens/moonstruck-gold-blue-crystal-pen.jpg
Something Blue,2024-05-30,2024,something-blue-wedding-crystal-pen,assets/pens/something-blue-wedding-crystal-pen.jpg
Something Borrowed,2024-05-30,2024,something-borrowed-white-wedding-crystal-pen,assets/pens/something-borrowed-white-wedding-crystal-pen.jpg
Babygirl,2024-05-22,2024,babygirl-pink-and-purple-crystal-pen,assets/pens/babygirl-pink-and-purple-crystal-pen.jpg
Spoiled Rotten,2024-05-22,2024,spoiled-rotten-purple-and-pink-crystal-pen,assets/pens/spoiled-rotten-purple-and-pink-crystal-pen.jpg
Enchanted Forest,2024-05-14,2024,enchanted-forest-green-and-blue-crystal-pen,assets/pens/enchanted-forest-green-and-blue-crystal-pen.jpg
River's Edge,2024-05-14,2024,rivers-edge-blue-and-green-crystal-pen,assets/pens/rivers-edge-blue-and-green-crystal-pen.jpg
Cherry Cola,2024-05-09,2024,cherry-cola-brown-ruby-crystal-pen,assets/pens/cherry-cola-brown-ruby-crystal-pen.jpg
Cream Puff,2024-05-01,2024,cream-puff-pastel-crystal-pen,assets/pens/cream-puff-pastel-crystal-pen.jpg
Cupcake Cutie,2024-05-01,2024,cupcake-cutie-pastel-pink-crystal-pen,assets/pens/cupcake-cutie-pastel-pink-crystal-pen.jpg
Sunny Side Up,2024-04-25,2024,sunny-side-up-yellow-crystal-pen,assets/pens/sunny-side-up-yellow-crystal-pen.jpg
Peach Bellini,2024-04-24,2024,peach-bellini-crystal-pen,assets/pens/peach-bellini-crystal-pen.jpg
Lavender Mint,2024-04-16,2024,lavender-mint-and-purple-crystal-pen,assets/pens/lavender-mint-and-purple-crystal-pen.jpg
Country Club,2024-04-12,2024,country-club-navy-and-pink-crystal-pen,assets/pens/country-club-navy-and-pink-crystal-pen.jpg
Summer in the Hamptons,2024-04-12,2024,summer-in-the-hamptons-navy-and-pink-crystal-pen,assets/pens/summer-in-the-hamptons-navy-and-pink-crystal-pen.jpg
Electronica,2024-04-02,2024,electronica-rainbow-chrome-techno-crystal-pen,assets/pens/electronica-rainbow-chrome-techno-crystal-pen.jpg
Total Eclipse,2024-03-29,2024,total-eclipse-black-crystal-pen,assets/pens/total-eclipse-black-crystal-pen.jpg
Decadence,2024-03-28,2024,decadence-purple-aubergine-crystal-pen,assets/pens/decadence-purple-aubergine-crystal-pen.jpg
Weather the Storm,2024-03-25,2024,weather-the-storm-silver-and-purple-crystal-pen,assets/pens/weather-the-storm-silver-and-purple-crystal-pen.jpg
Spring It On,2024-03-12,2024,spring-it-on-easter-egg-crystal-pen,assets/pens/spring-it-on-easter-egg-crystal-pen.jpg
Port Decisions,2024-03-01,2024,i-make-port-decisions-wine-country-crystal-pen,assets/pens/i-make-port-decisions-wine-country-crystal-pen.jpg
Everyone Loves an Irish Girl,2024-02-21,2024,everyone-loves-an-irish-girl-st-patricks-day-ireland-crystal-pen,assets/pens/everyone-loves-an-irish-girl-st-patricks-day-ireland-crystal-pen.jpg
Just My Luck,2024-02-09,2024,just-my-luck-st-patricks-day-green-and-gold-crystal-pen,assets/pens/just-my-luck-st-patricks-day-green-and-gold-crystal-pen.jpg
Breeze,2024-01-21,2024,breeze-air-element-elemental-collection-blue-and-gray-crystal-pen,assets/pens/breeze-air-element-elemental-collection-blue-and-gray-crystal-pen.jpg
Chocolate Covered Strawberries,2024-01-21,2024,chocolate-covered-strawberries-confectionery-collection-valentines-day-crystal-pen,assets/pens/chocolate-covered-strawberries-confectionery-collection-valentines-day-crystal-pen.jpg
Conversation Hearts,2024-01-21,2024,conversation-hearts-confectionery-collection-valentines-day-crystal-pen,assets/pens/conversation-hearts-confectionery-collection-valentines-day-crystal-pen.jpg
Box of Chocolates,2024-01-20,2024,box-of-chocolates-confectionery-valentines-day-crystal-pen,assets/pens/box-of-chocolates-confectionery-valentines-day-crystal-pen.jpg
Ethereal,2024-01-20,2024,ethereal-ether-element-elemental-collection-black-and-purple-crystal-pen,assets/pens/ethereal-ether-element-elemental-collection-black-and-purple-crystal-pen.jpg
Flame,2024-01-20,2024,flame-fire-element-elemental-collection-yellow-and-orange-crystal-pen,assets/pens/flame-fire-element-elemental-collection-yellow-and-orange-crystal-pen.jpg
Ocean,2024-01-20,2024,ocean-water-element-elemental-collection-teal-and-blue-crystal-pen,assets/pens/ocean-water-element-elemental-collection-teal-and-blue-crystal-pen.jpg
Terra,2024-01-20,2024,terra-earth-element-elemental-collection-brown-and-green-crystal-pen,assets/pens/terra-earth-element-elemental-collection-brown-and-green-crystal-pen.png
Fairy Dust,2024-01-05,2024,fairy-dust-pink-and-rose-gold-crystal-pen,assets/pens/fairy-dust-pink-and-rose-gold-crystal-pen.jpg
Fifth Avenue,2023-12-20,2023,fifth-avenue-crystal-pen,assets/pens/fifth-avenue-crystal-pen.jpg
Amaryllis Blooms,2023-11-21,2023,amaryllis-blooms-festive-florals-crystal-pen,assets/pens/amaryllis-blooms-festive-florals-crystal-pen.jpg
Holly Berry,2023-11-21,2023,holly-berry-festive-florals-crystal-pen,assets/pens/holly-berry-festive-florals-crystal-pen.jpg
Poinsettia Rosetta,2023-11-21,2023,poinsettia-rosetta-festive-florals-crystal-pen-1,assets/pens/poinsettia-rosetta-festive-florals-crystal-pen-1.jpg
Under the Mistletoe,2023-11-21,2023,under-the-mistletoe-festive-florals-crystal-pen,assets/pens/under-the-mistletoe-festive-florals-crystal-pen.jpg
Haunted Mansion,2023-10-05,2023,haunted-mansion-halloween-crystal-pen,assets/pens/haunted-mansion-halloween-crystal-pen.jpg
Specter,2023-10-05,2023,specter-halloween-crystal-pen,assets/pens/specter-halloween-crystal-pen.jpg
Golden Hour,2023-09-28,2023,golden-hour-crystal-pen,assets/pens/golden-hour-crystal-pen.jpg
Plum Perfect,2023-09-28,2023,plum-perfect-crystal-pen,assets/pens/plum-perfect-crystal-pen.jpg
Bavarian Beauty,2023-09-11,2023,bavarian-beauty,assets/pens/bavarian-beauty.jpg
Biergarten Bling,2023-09-11,2023,biergarten-bling,assets/pens/biergarten-bling.jpg
Edelweiss,2023-09-11,2023,edelweiss,assets/pens/edelweiss.jpg
Little Lederhose,2023-09-11,2023,little-lederhose,assets/pens/little-lederhose.jpg
Supermoon,2023-08-14,2023,supermoon-midsummer-night-silhouette-moon-crystal-pen,assets/pens/supermoon-midsummer-night-silhouette-moon-crystal-pen.jpg
Lime Light,2023-08-11,2023,limelight-crystal-pen-neon-green-black-hardware-crystals-lime-light,assets/pens/limelight-crystal-pen-neon-green-black-hardware-crystals-lime-light.jpg
Nightlife,2023-08-11,2023,nightlife-neon-lights-collection-crystal-pen,assets/pens/nightlife-neon-lights-collection-crystal-pen.jpg
Pure Energy,2023-08-11,2023,pure-energy-neon-lights-collection-crystal-pen,assets/pens/pure-energy-neon-lights-collection-crystal-pen.jpg
Flashback,2023-07-30,2023,flashback-neon-lights-collection-crystal-pen,assets/pens/flashback-neon-lights-collection-crystal-pen.jpg
10th Anniversary,2023-07-12,2023,10th-anniversary-special-edition-pippin-penguin-pen,assets/pens/10th-anniversary-special-edition-pippin-penguin-pen.jpg
Caramel Butter Pecan,2023-07-12,2023,caramel-butter-pecan,assets/pens/caramel-butter-pecan.jpg
Cloud Nine,2023-07-04,2023,cloud-nine,assets/pens/cloud-nine.jpg
Spot On,2023-06-30,2023,spot-on-polka-dot-crystal-pen,assets/pens/spot-on-polka-dot-crystal-pen.jpg
Always be a Unicorn,2023-05-23,2023,always-be-a-unicorn-highland-meadow-collection-crystal-pen,assets/pens/always-be-a-unicorn-highland-meadow-collection-crystal-pen.jpg
Doe a Deer,2023-05-23,2023,doe-a-deer-highland-meadow-collection-crystal-pen,assets/pens/doe-a-deer-highland-meadow-collection-crystal-pen.jpg
Elspeth Pixie Dust,2023-05-23,2023,elspeth-pixie-dust-highland-meadow-collection-crystal-pen,assets/pens/elspeth-pixie-dust-highland-meadow-collection-crystal-pen.jpg
Freya Pixie Dust,2023-05-23,2023,freya-pixie-dust-highland-meadow-collection-crystal-pen,assets/pens/freya-pixie-dust-highland-meadow-collection-crystal-pen.jpg
Gaelic Garden,2023-05-23,2023,gaelic-garden-black-diamond-exclusive-crystal-pen,assets/pens/gaelic-garden-black-diamond-exclusive-crystal-pen.jpg
Kenna Pixie Dust,2023-05-23,2023,kenna-pixie-dust-highland-meadow-collection-crystal-pen,assets/pens/kenna-pixie-dust-highland-meadow-collection-crystal-pen.jpg
Military Mental Health Awareness,2023-05-22,2023,military-mental-health-awareness-special-edition-crystal-pen,assets/pens/military-mental-health-awareness-special-edition-crystal-pen.jpg
Americana,2023-04-27,2023,americana-usa-special-edition-crystal-pen,assets/pens/americana-usa-special-edition-crystal-pen.jpg
Bonnie Coo,2023-04-27,2023,highland-heather-highland-meadow-collection-crystal-pen,assets/pens/highland-heather-highland-meadow-collection-crystal-pen.jpg
Gnome de Plume,2023-04-27,2023,gnome-de-plume-highland-meadow-collection-crystal-pen,assets/pens/gnome-de-plume-highland-meadow-collection-crystal-pen.jpg
Highland Blooms,2023-04-27,2023,highland-blooms-highland-meadow-collection-crystal-pen,assets/pens/highland-blooms-highland-meadow-collection-crystal-pen.jpg
Shetland Spring,2023-04-27,2023,shetland-spring-highland-meadow-collection-crystal-pen,assets/pens/shetland-spring-highland-meadow-collection-crystal-pen.jpg
Sassy Grass,2023-04-13,2023,sassy-grass-trippie-hippie-black-diamond-exclusive-crystal-pen,assets/pens/sassy-grass-trippie-hippie-black-diamond-exclusive-crystal-pen.jpg
Far Out,2023-04-10,2023,far-out-trippie-hippie-collection-crystal-pen,assets/pens/far-out-trippie-hippie-collection-crystal-pen.jpg
Feelin' Groovy,2023-04-10,2023,feelin-groovy-trippie-hippie-collection-crystal-pen,assets/pens/feelin-groovy-trippie-hippie-collection-crystal-pen.jpg
Flower Power,2023-04-10,2023,flower-power-trippie-hippie-collection-crystal-pen,assets/pens/flower-power-trippie-hippie-collection-crystal-pen.jpg
Leave Them Speechless,2023-03-31,2023,speechless-crystal-pen-autograph-member-exclusive,assets/pens/speechless-crystal-pen-autograph-member-exclusive.jpg
Lady Blushington,2023-03-23,2023,lady-blushington-rose-gold-satin-crystal-pen,assets/pens/lady-blushington-rose-gold-satin-crystal-pen.jpg
Marché aux Fleurs,2023-03-03,2023,marche-aux-fleurs-crystal-pen,assets/pens/marche-aux-fleurs-crystal-pen.jpg
Night Owl,2023-03-01,2023,night-owl-crystal-pen,assets/pens/night-owl-crystal-pen.jpg
Bunningham Palace,2023-02-13,2023,bunningham-palace-pillow-loves-lilibet-easter-bunny-collection-crystal-pen,assets/pens/bunningham-palace-pillow-loves-lilibet-easter-bunny-collection-crystal-pen.jpg
Prince Pillow,2023-02-13,2023,prince-pillow-pillow-loves-lilibet-easter-bunny-collection-crystal-pen,assets/pens/prince-pillow-pillow-loves-lilibet-easter-bunny-collection-crystal-pen.jpg
Princess Lilibet,2023-02-13,2023,princess-lilibet-easter-bunny-rabbit-crystal-pen,assets/pens/princess-lilibet-easter-bunny-rabbit-crystal-pen.jpg
Cherry Blossom,2023-02-10,2023,cherry-blossom,assets/pens/cherry-blossom.jpg
Starlight,2023-01-25,2023,starlight-van-gogh-artist-collection-crystal-pen,assets/pens/starlight-van-gogh-artist-collection-crystal-pen.jpg
Starry Night,2023-01-24,2023,starry-night-van-gogh-artist-collection-crystal-pen,assets/pens/starry-night-van-gogh-artist-collection-crystal-pen.jpg
Sunflowers,2023-01-24,2023,sunflowers-van-gogh-artist-collection-crystal-pen,assets/pens/sunflowers-van-gogh-artist-collection-crystal-pen.jpg
Van Gogh's Letters,2023-01-24,2023,letters-crystal-pen-van-gogh-inspired-brown-beige-blue,assets/pens/letters-crystal-pen-van-gogh-inspired-brown-beige-blue.jpg
Tinsel,2022-12-08,2022,tinsel-vip-black-exclusive,assets/pens/tinsel-vip-black-exclusive.jpg
Sugared Almond,2022-10-26,2022,sugared-almond-crystal-pen,assets/pens/sugared-almond-crystal-pen.jpg
Sirena,2022-09-28,2022,sirena-vip-exclusive,assets/pens/sirena-vip-exclusive.jpg
Afterlife,2022-09-17,2022,afterlife-ghost-story,assets/pens/afterlife-ghost-story.jpg
Distortion,2022-09-17,2022,distortion-ghost-story,assets/pens/distortion-ghost-story.jpg
Sleepwalker,2022-09-17,2022,sleepwalker-ghost-story,assets/pens/sleepwalker-ghost-story.jpg
Candy Corn,2022-09-07,2022,candy-corn,assets/pens/candy-corn.jpg
Jingle Bells,2022-09-07,2022,jingle-bells,assets/pens/jingle-bells.jpg
Winter Wonderland II,2022-09-07,2022,winter-wonderland,assets/pens/winter-wonderland.jpg
Mint Chocolate Chip,2022-08-20,2022,mint-chocolate-chip,assets/pens/mint-chocolate-chip.jpg
Yacht Party,2022-08-14,2022,yacht-party-vip-exclusive,assets/pens/yacht-party-vip-exclusive.jpg
All Aboard,2022-08-10,2022,all-aboard,assets/pens/all-aboard.jpg
Deep Blue Sea,2022-08-10,2022,deep-blue-sea,assets/pens/deep-blue-sea.jpg
Seas the Day,2022-08-10,2022,seas-the-day,assets/pens/seas-the-day.jpg
Looking Glass,2022-07-20,2022,looking-glass-vip-exclusive,assets/pens/looking-glass-vip-exclusive.jpg
Bluebells,2022-06-22,2022,bluebells,assets/pens/bluebells.jpg
Daffodils,2022-06-22,2022,daffodils,assets/pens/daffodils.jpg
Irises,2022-06-22,2022,irises-pen-floral-purple-pink-crystals,assets/pens/irises-pen-floral-purple-pink-crystals.jpg
Magnolias,2022-06-22,2022,magnolias,assets/pens/magnolias.jpg
Tulips,2022-06-22,2022,tulips-floral-crystal-pen-tulip,assets/pens/tulips-floral-crystal-pen-tulip.jpg
Neopolitan,2022-06-21,2022,neopolitan-1,assets/pens/neopolitan-1.jpg
Old Glory,2022-06-20,2022,old-glory,assets/pens/old-glory.jpg
Elf on the Shelf,2022-06-06,2022,elf-on-the-shelf,assets/pens/elf-on-the-shelf.jpg
Beach Please,2022-04-29,2022,beach-please-under-the-sea,assets/pens/beach-please-under-the-sea.jpg
Make Waves,2022-04-29,2022,make-waves-under-the-sea,assets/pens/make-waves-under-the-sea.jpg
Sandy Toes,2022-04-29,2022,sandy-toes-under-the-sea,assets/pens/sandy-toes-under-the-sea.jpg
Siren Song,2022-04-29,2022,siren-song-under-the-sea,assets/pens/siren-song-under-the-sea.jpg
Swim Team,2022-04-29,2022,swim-team-under-the-sea,assets/pens/swim-team-under-the-sea.jpg
Bernette Mae,2022-04-28,2022,bernette-mae,assets/pens/bernette-mae.jpg
Alpha Centauri,2022-04-21,2022,alpha-centauri,assets/pens/alpha-centauri.jpg
Antares,2022-04-21,2022,antares,assets/pens/antares.jpg
Polaris,2022-04-21,2022,polaris,assets/pens/polaris.jpg
Sirius,2022-04-21,2022,sirius,assets/pens/sirius.jpg
Vega,2022-04-21,2022,vega,assets/pens/vega.jpg
Hippity Hoppity,2022-04-08,2022,hippity-hoppity,assets/pens/hippity-hoppity.jpg
Sakura,2022-03-17,2022,sakura,assets/pens/sakura.jpg
Secret Admirer,2022-02-16,2022,secret-admirer,assets/pens/secret-admirer.jpg
Femme Fatale,2022-02-08,2022,femme-fatale-love-affair,assets/pens/femme-fatale-love-affair.jpg
First Love,2022-02-08,2022,first-love-love-affair,assets/pens/first-love-love-affair.jpg
High Maintenance,2022-02-08,2022,high-maintenance-love-affair,assets/pens/high-maintenance-love-affair.jpg
Caviar Dreams,2021-12-21,2021,caviar-dreams-vip-exclusive,assets/pens/caviar-dreams-vip-exclusive.jpg
Merry and Bright,2021-12-12,2021,merry-and-bright,assets/pens/merry-and-bright.jpg
Raindrops Keep Falling,2021-12-10,2021,raindrop,assets/pens/raindrop.jpg
Tall Tale,2021-11-16,2021,tall-tale-black,assets/pens/tall-tale-black.jpg
Impossible Things,2021-10-26,2021,impossible-things,assets/pens/impossible-things.jpg
Paint the Roses,2021-10-26,2021,paint-the-roses,assets/pens/paint-the-roses.jpg
The Royal Herald,2021-10-26,2021,the-royal-herald,assets/pens/the-royal-herald.jpg
Drop Dead Gorgeous,2021-10-10,2021,vip-black-only-drop-dead-gorgeous,assets/pens/vip-black-only-drop-dead-gorgeous.jpg
Maple Valley,2021-09-23,2021,maple-valley,assets/pens/maple-valley.jpg
Full Moon,2021-09-16,2021,full-moon,assets/pens/full-moon.jpg
Witching Hour,2021-09-16,2021,witching-hour,assets/pens/witching-hour.jpg
Antsy Pantsy,2021-07-29,2021,antsy-pantsy-summer-picnic,assets/pens/antsy-pantsy-summer-picnic.jpg
Picnic in the Park,2021-07-29,2021,picnic-in-the-park-summer-picnic,assets/pens/picnic-in-the-park-summer-picnic.jpg
What a Melon,2021-07-29,2021,what-a-melon-summer-picnic,assets/pens/what-a-melon-summer-picnic.jpg
Purple Haze,2021-07-19,2021,purple-haze-vip-exclusive,assets/pens/purple-haze-vip-exclusive.jpg
Clara Marie,2021-06-23,2021,clara-the-nutcracker-ballet,assets/pens/clara-the-nutcracker-ballet.jpg
Pas de Deux,2021-06-23,2021,pas-de-deux-the-nutcracker-ballet,assets/pens/pas-de-deux-the-nutcracker-ballet.jpg
The Mouse King,2021-06-23,2021,mouse-king-the-nutcracker-ballet,assets/pens/mouse-king-the-nutcracker-ballet.jpg
The Nutcracker,2021-06-23,2021,nutcracker-doll-the-nutcracker-ballet,assets/pens/nutcracker-doll-the-nutcracker-ballet.jpg
Waltz of the Snowflakes,2021-06-23,2021,snowflake-the-nutcracker-ballet,assets/pens/snowflake-the-nutcracker-ballet.jpg
New Wave | VIP Exclusive,2021-05-25,2021,new-wave-vip-exclusive,assets/pens/new-wave-vip-exclusive.jpg
Prep School,2021-05-12,2021,prep-school-dandelions-and-dahlias,assets/pens/prep-school-dandelions-and-dahlias.jpg
Fuzzy Buzzy,2021-05-04,2021,fuzzy-buzzy,assets/pens/fuzzy-buzzy.jpg
Star Spangled,2021-05-01,2021,star-spangled,assets/pens/star-spangled.jpg
Chelsea,2021-04-21,2021,chelsea-dandelions-and-dahlias,assets/pens/chelsea-dandelions-and-dahlias.jpg
Wishful Thinking,2021-04-21,2021,wishful-thinking-dandelions-and-dahlias,assets/pens/wishful-thinking-dandelions-and-dahlias.jpg
Masquerade,2021-01-21,2021,masquerade,assets/pens/masquerade.jpg
End of the Rainbow,2020-12-29,2020,end-of-the-rainbow,assets/pens/end-of-the-rainbow.jpg
Champagne Wishes,2020-12-19,2020,champagne-wishes,assets/pens/champagne-wishes.jpg
Be Merry,2020-11-22,2020,be-merry,assets/pens/be-merry.jpg
Love Letter,2020-11-09,2020,love-letter-lovely,assets/pens/love-letter-lovely.jpg
Sugarbaby,2020-11-09,2020,sugarbaby-lovely-1,assets/pens/sugarbaby-lovely-1.jpg
Sweetheart,2020-11-09,2020,sweetheart-lovely,assets/pens/sweetheart-lovely.jpg
Tall Tale | Gold,2020-10-30,2020,tall-tale-gold,assets/pens/tall-tale-gold.jpg
Adelaide Bug,2020-10-19,2020,adelaide-bug-ladylike,assets/pens/adelaide-bug-ladylike.jpg
Bugaboo,2020-10-19,2020,bugaboo-ladylike,assets/pens/bugaboo-ladylike.jpg
Marieta,2020-10-19,2020,marieta-ladylike,assets/pens/marieta-ladylike.jpg
Amalfi Blue,2020-10-18,2020,amalfi-blue,assets/pens/amalfi-blue.jpg
Bougie Villa,2020-10-18,2020,bougie-villa,assets/pens/bougie-villa.jpg
Catch Me If You Can,2020-10-18,2020,catch-me-if-you-can-naughty-or-nice,assets/pens/catch-me-if-you-can-naughty-or-nice.jpg
Goody Goody Gumdrops,2020-10-18,2020,goody-goody-gumdrops-naughty-or-nice,assets/pens/goody-goody-gumdrops-naughty-or-nice.jpg
Sweet & Twisted,2020-10-18,2020,sweet-and-twisted-naughty-or-nice,assets/pens/sweet-and-twisted-naughty-or-nice.jpg
Beautiful Brilliant Brave,2020-10-07,2020,beautiful-brilliant-brave,assets/pens/beautiful-brilliant-brave.jpg
Good Vibes Only,2020-10-07,2020,good-vibes-only,assets/pens/good-vibes-only.jpg
Inhale Exhale,2020-10-07,2020,inhale-exhale,assets/pens/inhale-exhale.jpg
Eye Candy,2020-09-17,2020,eye-candy-trick-or-treat,assets/pens/eye-candy-trick-or-treat.jpg
Lazy Bones,2020-09-17,2020,lazy-bones-trick-or-treat,assets/pens/lazy-bones-trick-or-treat.jpg
Wrap Star,2020-09-17,2020,wrap-star-trick-or-treat,assets/pens/wrap-star-trick-or-treat.jpg
Almost Famous,2020-08-10,2020,almost-famous-gossip,assets/pens/almost-famous-gossip.jpg
Living Legend,2020-08-10,2020,living-legend-gossip,assets/pens/living-legend-gossip.jpg
Rumor Has It,2020-08-10,2020,rumor-has-it-gossip,assets/pens/rumor-has-it-gossip.jpg
Cotton Candy,2020-07-27,2020,cotton-candy-satin-vip-exclusive,assets/pens/cotton-candy-satin-vip-exclusive.jpg
Overboard,2020-07-20,2020,overboard,assets/pens/overboard.jpg
Dream Chaser,2020-07-01,2020,dream-chaser-chrome-merry-go-round,assets/pens/dream-chaser-chrome-merry-go-round.jpg
Dream Chaser | Satin,2020-07-01,2020,dream-chaser-satin-merry-go-round,assets/pens/dream-chaser-satin-merry-go-round.jpg
Step Right Up,2020-07-01,2020,step-right-up-satin-merry-go-round,assets/pens/step-right-up-satin-merry-go-round.jpg
Step Right Up | Chrome,2020-07-01,2020,step-right-up-chrome-merry-go-round,assets/pens/step-right-up-chrome-merry-go-round.jpg
Whimsy,2020-07-01,2020,whimsy-chrome-merry-go-round,assets/pens/whimsy-chrome-merry-go-round.jpg
Whimsy | Satin,2020-07-01,2020,whimsy-merry-go-round,assets/pens/whimsy-merry-go-round.jpg
Creamsicle,2020-06-23,2020,creamsicle,assets/pens/creamsicle.jpg
American Dream,2020-05-20,2020,american-dream,assets/pens/american-dream.jpg
Beatrix,2020-05-14,2020,beatrix-secret-garden,assets/pens/beatrix-secret-garden.jpg
Caroline,2020-05-14,2020,caroline-secret-garden,assets/pens/caroline-secret-garden.jpg
Meredith,2020-05-14,2020,meredith-secret-garden,assets/pens/meredith-secret-garden.jpg
Bees Knees,2020-04-29,2020,bees-knees-hey-honey,assets/pens/bees-knees-hey-honey.jpg
Fresh as a Daisy,2020-04-29,2020,fresh-as-a-daisy-hey-honey,assets/pens/fresh-as-a-daisy-hey-honey.jpg
"Oh, Beehive",2020-04-29,2020,oh-beehive-hey-honey,assets/pens/oh-beehive-hey-honey.jpg
Sparkling Isolation,2020-04-29,2020,sparkling-isolation,assets/pens/sparkling-isolation.jpg
Atomic,2020-04-26,2020,atomic-neon-lights,assets/pens/atomic-neon-lights.jpg
Glow Getter,2020-04-26,2020,glow-getter-neon-lights,assets/pens/glow-getter-neon-lights.jpg
Hotline,2020-04-26,2020,hotline-neon-lights,assets/pens/hotline-neon-lights.jpg
Light Bright,2020-04-26,2020,light-bright-neon-lights,assets/pens/light-bright-neon-lights.jpg
Shockwave,2020-04-26,2020,shockwave-neon-lights,assets/pens/shockwave-neon-lights.jpg
Icicle,2020-01-28,2020,icicle-silver,assets/pens/icicle-silver.jpg
Below the Zone,2020-01-16,2020,below-the-zone-us-air-force,assets/pens/below-the-zone-us-air-force.jpg
Call Sign,2020-01-16,2020,call-sign-us-air-force,assets/pens/call-sign-us-air-force.jpg
Flightline,2020-01-16,2020,flightline-us-air-force,assets/pens/flightline-us-air-force.jpg
Black Friday,2019-11-23,2019,black-friday,assets/pens/black-friday.jpg
Cozy,2019-11-19,2019,cozy-let-it-snow,assets/pens/cozy-let-it-snow.jpg
Holly Jolly,2019-11-19,2019,holly-jolly-let-it-snow,assets/pens/holly-jolly-let-it-snow.jpg
Slay Bells,2019-11-19,2019,slay-bells-let-it-snow,assets/pens/slay-bells-let-it-snow.jpg
Countess,2019-10-10,2019,countess-immortal-collection,assets/pens/countess-immortal-collection.jpg
Nocturnal,2019-10-10,2019,nocturnal-immortal-collection,assets/pens/nocturnal-immortal-collection.jpg
Transylvania,2019-10-10,2019,transylvania-immortal-collection,assets/pens/transylvania-immortal-collection.jpg
Baege,2019-09-12,2019,baege-naked-collection,assets/pens/baege-naked-collection.jpg
Cheeky,2019-09-12,2019,cheeky-naked-collection,assets/pens/cheeky-naked-collection.jpg
Exposed,2019-09-12,2019,exposed-naked-collection,assets/pens/exposed-naked-collection.jpg
Send Nudes,2019-09-12,2019,send-nudes-naked-collection,assets/pens/send-nudes-naked-collection.jpg
Tan Lines,2019-09-12,2019,tan-lines-naked-collection,assets/pens/tan-lines-naked-collection.jpg
Lightdance,2019-05-22,2019,lightdance,assets/pens/lightdance.jpg
Arctic Blue III,2019-05-15,2019,arctic-blue-northern-lights-collection,assets/pens/arctic-blue-northern-lights-collection.jpg
Celestial Pink III,2019-05-15,2019,celestial-pink-northern-lights-collection,assets/pens/celestial-pink-northern-lights-collection.jpg
Elysian Lavender III,2019-05-15,2019,elysian-lavender-northern-lights-collection,assets/pens/elysian-lavender-northern-lights-collection.jpg
Iced Mint III,2019-05-15,2019,iced-mint-northern-lights-collection,assets/pens/iced-mint-northern-lights-collection.jpg
Polar Peach III,2019-05-15,2019,polar-peach-northern-lights-collection,assets/pens/polar-peach-northern-lights-collection.jpg
Breakbeat,2019-05-01,2019,breakbeat-techno-collection,assets/pens/breakbeat-techno-collection.jpg
Party Girl,2019-05-01,2019,party-girl-techno-collection,assets/pens/party-girl-techno-collection.jpg
Remix,2019-05-01,2019,remix-techno-collection,assets/pens/remix-techno-collection.jpg
the1407planners IV,2019-03-05,2019,the1407planners-x-pengems,assets/pens/the1407planners-x-pengems.jpg
Burlesque,2019-01-22,2019,burlesque,assets/pens/burlesque.jpg
Coquette,2019-01-22,2019,coquette,assets/pens/coquette.jpg
Pigalle,2019-01-22,2019,pigalle,assets/pens/pigalle.jpg
Ever After,2019-01-16,2019,ever-after,assets/pens/ever-after.jpg
Ice Queen,2019-01-16,2019,ice-queen,assets/pens/ice-queen.jpg
January,2019-01-16,2019,january,assets/pens/january.jpg
Madeleine,2019-01-16,2019,madeleine,assets/pens/madeleine.jpg
Twinkle Toes,2019-01-16,2019,twinkle-toes,assets/pens/twinkle-toes.jpg
Scribble Prints Co.,2018-12-31,2018,scribble-prints-co,assets/pens/scribble-prints-co.jpg
Celebration,2018-12-10,2018,celebration-satin-gold,assets/pens/celebration-satin-gold.jpg
Peach Pom,2018-11-27,2018,peach-pom-designer-limited-edition,assets/pens/peach-pom-designer-limited-edition.jpg
Evolve You Foundation,2018-11-13,2018,evolve-you-foundation-sparkle-for-a-cause,assets/pens/evolve-you-foundation-sparkle-for-a-cause.jpg
Black Forest,2018-09-27,2018,black-forest,assets/pens/black-forest.jpg
Strawberry Patch,2018-07-11,2018,strawberry-patch-silver-vip-exclusive,assets/pens/strawberry-patch-silver-vip-exclusive.jpg
Caribbean Blue Airbrush,2018-06-28,2018,caribbean-blue-airbrush-limited-edition,assets/pens/caribbean-blue-airbrush-limited-edition.jpg
Plan It Perfect,2018-05-23,2018,plan-it-perfect-designer-limited-edition,assets/pens/plan-it-perfect-designer-limited-edition.jpg
Crocodile,2018-04-27,2018,crocodile-safari-collection,assets/pens/crocodile-safari-collection.jpg
Gatsby,2018-04-27,2018,gatsby-art-deco-collection,assets/pens/gatsby-art-deco-collection.jpg
Puttin' on the Ritz,2018-04-27,2018,puttin-on-the-ritz-art-deco-collection,assets/pens/puttin-on-the-ritz-art-deco-collection.jpg
Speakeasy,2018-04-27,2018,speakeasy-art-deco-collection,assets/pens/speakeasy-art-deco-collection.jpg
Wildflower,2018-04-27,2018,wildflower-gold,assets/pens/wildflower-gold.jpg
Wildflower Silver,2018-04-27,2018,wildflower-silver,assets/pens/wildflower-silver.jpg
Bisou Bisou,2018-04-18,2018,bisou-bisou,assets/pens/bisou-bisou.jpg
Fiona,2018-04-18,2018,fiona,assets/pens/fiona.jpg
Lovebird,2018-04-18,2018,lovebird,assets/pens/lovebird.jpg
Mischief,2018-04-18,2018,pippin-loves-fiona,assets/pens/pippin-loves-fiona.jpg
Pippin,2018-04-18,2018,pippin,assets/pens/pippin.jpg
April Showers,2018-04-10,2018,april-showers-limited-edition-vip-exclusive,assets/pens/april-showers-limited-edition-vip-exclusive.jpg
My Newest Addiction 2,2018-04-05,2018,my-newest-addiction-2-designer-limited-edition,assets/pens/my-newest-addiction-2-designer-limited-edition.jpg
Uptown Girl,2018-03-23,2018,uptown-girl,assets/pens/uptown-girl.jpg
Antoinette Airbrush,2018-01-03,2018,antoinette-purple-airbrush-limited-edition,assets/pens/antoinette-purple-airbrush-limited-edition.jpg
Heartbreaker Airbrush,2018-01-03,2018,heartbreaker-pink-airbrush-limited-edition,assets/pens/heartbreaker-pink-airbrush-limited-edition.jpg
Neverland Airbrush,2018-01-03,2018,neverland-green-airbrush-limited-edition-collection,assets/pens/neverland-green-airbrush-limited-edition-collection.jpg
Emerald City of Seattle,2017-10-18,2017,emerald-city-of-seattle-signature-crystal-pen,assets/pens/emerald-city-of-seattle-signature-crystal-pen.jpg
London Calling,2017-10-18,2017,london-calling-signature-crystal-pen,assets/pens/london-calling-signature-crystal-pen.jpg
"Merci, Paris",2017-10-18,2017,merci-paris-signature-crystal-pen,assets/pens/merci-paris-signature-crystal-pen.jpg
National Breast Cancer Foundation 2018,2017-10-18,2017,sparkle-for-a-cause-national-breast-cancer-foundation-2018,assets/pens/sparkle-for-a-cause-national-breast-cancer-foundation-2018.jpg
That's So L. A.,2017-10-18,2017,thats-so-la-signature-crystal-pen,assets/pens/thats-so-la-signature-crystal-pen.jpg
Tokyo Nights,2017-10-18,2017,tokyo-nights,assets/pens/tokyo-nights.jpg
Itsy Bitsy Spider,2017-09-27,2017,itsy-bitsy-spider-signature-crystal-pen,assets/pens/itsy-bitsy-spider-signature-crystal-pen.jpg
Punkin Pie | Limited Edition,2017-09-27,2017,punkin-pie-signature-crystal-pen,assets/pens/punkin-pie-signature-crystal-pen.jpg
Secret Santa,2017-09-27,2017,santa-christmas-autograph-crystal-pen,assets/pens/santa-christmas-autograph-crystal-pen.jpg
To Brie or Not to Brie,2017-09-27,2017,to-brie-or-not-to-brie-crystal-pen,assets/pens/to-brie-or-not-to-brie-crystal-pen.jpg
Deck the Halls,2017-07-18,2017,christmas-green,assets/pens/christmas-green.jpg
Blackberry,2017-07-06,2017,blackberry-signature-crystal-pen,assets/pens/blackberry-signature-crystal-pen.jpg
Blueberry,2017-07-06,2017,blueberry-signature-crystal-pen,assets/pens/blueberry-signature-crystal-pen.jpg
Raspberry,2017-07-06,2017,raspberry-signature-crystal-pen,assets/pens/raspberry-signature-crystal-pen.jpg
PlannerGlamGirl II,2017-04-27,2017,plannerglamgirl-designer-crystal-pen,assets/pens/plannerglamgirl-designer-crystal-pen.jpg
the1407planners III,2017-04-27,2017,the1407planners-designer-crystal-pen,assets/pens/the1407planners-designer-crystal-pen.jpg
simply gilded Trio,2017-04-11,2017,simply-gilded-designer-collection,assets/pens/simply-gilded-designer-collection.jpg
Carrara,2017-04-06,2017,carrara-marble-signature-crystal-pen,assets/pens/carrara-marble-signature-crystal-pen.jpg
Liberty,2017-04-06,2017,liberty-autograph-crystal-pen,assets/pens/liberty-autograph-crystal-pen.jpg
Marquina,2017-04-06,2017,marquina-marble-autograph-crystal-pen,assets/pens/marquina-marble-autograph-crystal-pen.jpg
Paper Princess III,2017-04-06,2017,paper-princess-designer-crystal-pen,assets/pens/paper-princess-designer-crystal-pen.jpg
Rosalia,2017-04-06,2017,rosalia-marble-signature-crystal-pen,assets/pens/rosalia-marble-signature-crystal-pen.jpg
Andromeda,2017-04-04,2017,andromeda-signature-crystal-pen,assets/pens/andromeda-signature-crystal-pen.jpg
Equinox,2017-04-04,2017,equinox-signature-crystal-pen,assets/pens/equinox-signature-crystal-pen.jpg
Glam Squad,2017-04-04,2017,glam-squad-gold-chrome-crystal-pen,assets/pens/glam-squad-gold-chrome-crystal-pen.jpg
Milky Way,2017-04-04,2017,milky-way-signature-crystal-pen,assets/pens/milky-way-signature-crystal-pen.jpg
Spotlight,2017-04-04,2017,spotlight-silver-chrome-crystal-pen,assets/pens/spotlight-silver-chrome-crystal-pen.jpg
Starlet,2017-04-04,2017,starlet-rose-gold-chrome-crystal-pen,assets/pens/starlet-rose-gold-chrome-crystal-pen.jpg
Supernova,2017-04-04,2017,supernova-signature-crystal-pen,assets/pens/supernova-signature-crystal-pen.jpg
Ultraviolet,2017-04-04,2017,ultraviolet-signature-crystal-pen,assets/pens/ultraviolet-signature-crystal-pen.jpg
Cappuccino,2017-02-01,2017,cappuccino-signature-crystal-pen,assets/pens/cappuccino-signature-crystal-pen.jpg
My Newest Addiction,2017-01-16,2017,my-newest-addiction-designer-crystal-pen,assets/pens/my-newest-addiction-designer-crystal-pen.jpg
Villabeautifful III,2017-01-16,2017,villabeautifful-iii-designer-crystal-pen,assets/pens/villabeautifful-iii-designer-crystal-pen.jpg
xoMamaPlans,2017-01-16,2017,xomamaplans-designer-crystal-pen,assets/pens/xomamaplans-designer-crystal-pen.jpg
Polar Peach II,2017-01-11,2017,polar-peach-autograph-crystal-pen,assets/pens/polar-peach-autograph-crystal-pen.jpg
simply gilded I,2017-01-11,2017,simply-gilded-designer-crystal-pen-3,assets/pens/photo-unavailable.jpg
Cabaret,2016-07-21,2016,cabaret-red-autograph-crystal-pen,assets/pens/cabaret-red-autograph-crystal-pen.jpg
FiloAlly 2,2016-07-21,2016,filoally-designer-collection-crystal-pen,assets/pens/filoally-designer-collection-crystal-pen.jpg
Latte Love,2016-07-21,2016,latte-love-coffee-collection-limited-edition-crystal-pen,assets/pens/latte-love-coffee-collection-limited-edition-crystal-pen.jpg
Macchiato,2016-07-21,2016,macchiato-coffee-collection-limited-edition-crystal-pen,assets/pens/macchiato-coffee-collection-limited-edition-crystal-pen.jpg
National Breast Cancer Foundation 2016,2016-07-21,2016,national-breast-cancer-foundation-sparkle-for-a-cause-limited-edition-crystal-pen,assets/pens/national-breast-cancer-foundation-sparkle-for-a-cause-limited-edition-crystal-pen.jpg
Paper Princess II,2016-07-21,2016,paper-princess-plans-designer-collection-crystal-pen,assets/pens/paper-princess-plans-designer-collection-crystal-pen.jpg
the1407planners II,2016-07-21,2016,the1407planners-designer-collection-crystal-pen,assets/pens/the1407planners-designer-collection-crystal-pen.jpg
Villabeautifful II,2016-05-13,2016,designer-pengem-by-villabeautifful-2,assets/pens/designer-pengem-by-villabeautifful-2.jpg
Two Lil Bees III,2016-02-21,2016,designer-pengem-by-two-lil-bees-3,assets/pens/designer-pengem-by-two-lil-bees-3.jpg
PlannerGlamGirl I,2016-01-26,2016,designer-collection-pen-plannerglamgirl,assets/pens/designer-collection-pen-plannerglamgirl.jpg
Taylor Plans,2016-01-13,2016,designer-pengem-by-taylorplans,assets/pens/designer-pengem-by-taylorplans.jpg
Pocketful of Sparkles,2016-01-05,2016,pocketful-of-sparkles,assets/pens/pocketful-of-sparkles.jpg
Stickewicket,2016-01-05,2016,designer-pengem-by-stickewicket-designs,assets/pens/designer-pengem-by-stickewicket-designs.jpg
Hautepinkfluff,2015-12-22,2015,designer-pengem-by-hautepinkfluff,assets/pens/designer-pengem-by-hautepinkfluff.png
Two Lil Bees II,2015-11-07,2015,designer-pengem-by-two-lil-bees-co-2,assets/pens/designer-pengem-by-two-lil-bees-co-2.jpg
the1407planners I,2015-10-01,2015,designer-pengem-by-the1407planners,assets/pens/designer-pengem-by-the1407planners.jpg
Villabeautifful I,2015-10-01,2015,designer-pengem-by-villabeautifful,assets/pens/designer-pengem-by-villabeautifful.jpg
Paper Princess I,2015-07-24,2015,designer-pengem-by-the-princess-paperie,assets/pens/designer-pengem-by-the-princess-paperie.jpg
Two Lil Bees I,2015-07-24,2015,designer-pengem-by-two-lil-bees-co,assets/pens/designer-pengem-by-two-lil-bees-co.jpg
FiloAlly I,2015-07-21,2015,designer-pengem-by-filoally,assets/pens/designer-pengem-by-filoally.jpg
Elysian Lavender (2015),2015-05-26,2015,elysian-lavender-signature-crystal-pen,assets/pens/elysian-lavender-signature-crystal-pen.jpg
Polar Peach I,2015-05-26,2015,polar-peach-signature-crystal-pen,assets/pens/polar-peach-signature-crystal-pen.jpg
Enchanted,2014-11-09,2014,enchanted-silver-signature-crystal-pen,assets/pens/enchanted-silver-signature-crystal-pen.jpg
